{"version":1,"resource":"file:///c%3A/Users/Simara%20Aliyeva/OneDrive/Desktop/infosyst/whoissimara/index.html","entries":[{"id":"3DYA.html","timestamp":1765621244614},{"id":"1IJo.html","source":"Chat Edit: 'create home page for portfolio'","timestamp":1765621746691},{"id":"vkVQ.html","source":"Chat Edit: 'add \"Home\" to the line of all pages'","timestamp":1765622244627},{"id":"mVrq.html","source":"Chat Edit: 'create home page of a portfolio'","timestamp":1765630262123},{"id":"TQjC.html","source":"Chat Edit: 'add navigation bar, footer, icons for my github and codecademy profiles, place to my repository, reponsive design'","timestamp":1765632141530},{"id":"kcOn.html","source":"Chat Edit: 'add navigation bar, footer, icons for my github and codecademy profiles, place to my repository, reponsive design'","timestamp":1765632351632}]}