{"version":1,"resource":"file:///c%3A/Users/Simara%20Aliyeva/OneDrive/Desktop/whoissimara/css/style.css","entries":[{"id":"8NZ5.css","timestamp":1765905947937},{"id":"SnVW.css","timestamp":1765906069345},{"id":"v1NC.css","timestamp":1765906203517},{"id":"J9Y4.css","timestamp":1765906217665},{"id":"ML9e.css","timestamp":1765906240109},{"id":"8rpr.css","timestamp":1765906333730},{"id":"UrVy.css","timestamp":1765906352285},{"id":"mEmj.css","timestamp":1765906369268},{"id":"dIAO.css","timestamp":1765906437980},{"id":"jiCn.css","timestamp":1765906471106},{"id":"Ge6j.css","timestamp":1765906487982},{"id":"Dl3y.css","timestamp":1765906517455},{"id":"sPG9.css","timestamp":1765906656302},{"id":"sZmN.css","timestamp":1765906694352},{"id":"fWkp.css","timestamp":1765906745299},{"id":"QwpY.css","timestamp":1765906898043},{"id":"oOfK.css","timestamp":1765906954249},{"id":"5dRB.css","timestamp":1765906965158},{"id":"vzv5.css","timestamp":1765907022028},{"id":"2orb.css","timestamp":1765907094114},{"id":"yX5i.css","timestamp":1765907113342},{"id":"HVem.css","timestamp":1765907355618},{"id":"m757.css","timestamp":1765917981068},{"id":"RqsP.css","timestamp":1765918005182},{"id":"WE5E.css","timestamp":1765918088536},{"id":"yN4n.css","timestamp":1765918118887},{"id":"fzuY.css","timestamp":1765918285652},{"id":"q8z3.css","timestamp":1765974154030},{"id":"stym.css","timestamp":1765974276394},{"id":"zNNl.css","source":"undoRedo.source","timestamp":1765974541141},{"id":"BNOX.css","timestamp":1765974926939},{"id":"J6F1.css","timestamp":1766179586822},{"id":"6LgE.css","timestamp":1766179652203},{"id":"kWyz.css","timestamp":1766179669824},{"id":"Ubop.css","timestamp":1766179691262},{"id":"uzeU.css","timestamp":1766179720960},{"id":"dkSl.css","timestamp":1766179958893},{"id":"xYIj.css","timestamp":1766180016696},{"id":"kumA.css","timestamp":1766180056238},{"id":"ow0h.css","timestamp":1766180091220},{"id":"UW19.css","timestamp":1766226999984},{"id":"wp0Z.css","timestamp":1766228589610},{"id":"FxkF.css","timestamp":1766231675438},{"id":"EREL.css","timestamp":1766231710851},{"id":"kQQy.css","source":"undoRedo.source","timestamp":1766231770483},{"id":"G0Kw.css","timestamp":1766231789288},{"id":"Oi3W.css","timestamp":1766231827775},{"id":"tOlP.css","timestamp":1766231872470},{"id":"Uq0S.css","timestamp":1766231920854}]}