{"version":1,"resource":"file:///c%3A/Users/Simara%20Aliyeva/OneDrive/Desktop/whoissimara/projects.html","entries":[{"id":"v7xe.html","timestamp":1765907424437},{"id":"kgBb.html","timestamp":1765907605976},{"id":"kx8b.html","timestamp":1765907643736},{"id":"MtGX.html","source":"undoRedo.source","timestamp":1765907679130},{"id":"iF48.html","timestamp":1765975134944},{"id":"3Cdo.html","timestamp":1765975486011},{"id":"rvum.html","timestamp":1765975634846},{"id":"odwq.html","timestamp":1766228445924},{"id":"7AXj.html","timestamp":1766228655250},{"id":"TWK5.html","timestamp":1766228794566},{"id":"sDbr.html","timestamp":1766229236711},{"id":"tpZ1.html","timestamp":1766229396186},{"id":"QaM7.html","timestamp":1766229554731},{"id":"riQ4.html","timestamp":1766229712787},{"id":"X9NW.html","timestamp":1766230141111},{"id":"vK67.html","timestamp":1766232166731},{"id":"EbeK.html","timestamp":1766232182125}]}