{"version":1,"resource":"file:///c%3A/Users/Simara%20Aliyeva/OneDrive/Desktop/whoissimara/about.html","entries":[{"id":"QLhn.html","timestamp":1765921340903},{"id":"Wpk5.html","timestamp":1765921413242},{"id":"X4xX.html","timestamp":1765921769753},{"id":"WieD.html","timestamp":1765922035197},{"id":"IyVe.html","timestamp":1765922183520},{"id":"53iW.html","timestamp":1765922420678},{"id":"SZ3a.html","timestamp":1765922601833},{"id":"2rTW.html","timestamp":1765922634486},{"id":"88vl.html","timestamp":1765922865550},{"id":"7nXS.html","timestamp":1765923109314},{"id":"xhgE.html","timestamp":1765923236954},{"id":"IUIM.html","timestamp":1765923528460},{"id":"FnpW.html","timestamp":1765923551510},{"id":"9lKu.html","timestamp":1765923585786},{"id":"R2sR.html","timestamp":1765923835207},{"id":"R34w.html","timestamp":1765970920692},{"id":"iteN.html","timestamp":1765971198990},{"id":"jvrL.html","timestamp":1765974064494},{"id":"MQmD.html","timestamp":1765974088300},{"id":"5RIg.html","timestamp":1766178947668},{"id":"y4xk.html","timestamp":1766228286920}]}