{"version":1,"resource":"file:///c%3A/Users/Simara%20Aliyeva/OneDrive/Desktop/infosyst/project3/START_HERE.md","entries":[{"id":"ht0S.md","source":"Chat Edit: 'SITE 1101: Principles of Information Systems\r\nIndividual Project: Personal Website\r\nThe loud claim fades; the quiet deed remains ~ Tao Te Ching\r\nYou will develop your understanding of programming by developing a personal\r\nportfolio website. This project aims to provide you skills in coding with GenAI, gain\r\nexperience with git version control and Github platform, and host your static\r\n(HTML/CSS & JavaScript-based) personal portfolio website on Github Pages.\r\nPreparation\r\nSet up git and Github by watching this tutorial. Understand the purpose of each. It will\r\ndrastically help you both in your current project and in future courses.\r\nStudy basics of HTML/CSS by watching this tutorial.\r\nChoose a website design in https://personalsit.es/. Aim at selecting a design that is\r\nneither too complicated nor too minimalistic to imitate.\r\nDevelopment\r\nStart developing your website. You should have already installed VSCode or Cursor (see\r\nSyllabus) which comes with an AI agent, as well as LiveServer extension which will help\r\nyou during the website development.\r\nYour website should have the following pages:\r\n- Home Page with a profile photo and a text summarizing who you are, etc.\r\n- About Page introducing your background, qualifications, conducted activities,\r\n(not necessarily only in this course), etc.\r\n- Projects Page introducing your projects (each should have title, description,\r\nphotos/screenshots, etc.). It must include Project 1, and, optionally, Project 2\r\n(Hour of Code). Any other project that you wish to add can also be added.\r\n- Any other page that you would like to add (e.g. resume, blog, etc).\r\nAdditionally, make sure to have:\r\n- Navigation bar (menu) and Footer.\r\n- Icons leading to your Github and Codecademy profiles (you can also add\r\nadditional links).\r\n- In the website, you should also have a link to the Github repository of the\r\nwebsite. Your repository should be public.\r\n- Responsive design which will adapt your website for phones and tablets.\r\n- Modularized and clean code/repository structure.\r\nMake commits. Make sure to commit your progress with three main commands\r\nconsistently: git status, git add and git commit you will be using often when\r\nmaking important additions to the website. Your Github repository should show these\r\ncommits (you will use git push).\r\n1\r\nExport your AI chat. Cursor AI chat (similarly VSCode) has an option to export chat as a\r\nmarkdown file (.md). The file should show your conversation with AI during the whole\r\ndevelopment progress.\r\nHost your website on Github Pages. Follow the instructions to activate your website for\r\nthe web. It should be a quick process once you understand how Git/Github works. Your\r\nwebsite will be served at https://[YOUR_GITHUB_USERNAME].github.io and should be\r\naccessible to anyone on the web. If you already have your website hosted in that URL,\r\nyou can host new project at https://[YOUR_GITHUB_USERNAME].github.io/site1101.\r\n10% bonus will be provided for using Jekyll to develop your website.\r\nSubmission & Grading\r\nYou will submit three items:\r\n1. Link to your website.\r\n2. Link to your public Github repository.\r\n3. AI chat markdown file.\r\nMake sure that there is no typo and the links are correct.\r\nThe grading checklist (yes/no) corresponding to the requirements above is as follows:\r\nRepository link not submitted or is private or doesn’t have website code (-50 pts)\r\nAI chat markdown file not submitted or is unrelated (-25 pts)\r\nGithub Pages website link not submitted or link doesn’t work/exist (-25 pts)\r\nThe website was built with Jekyll (+10 pts)\r\nHome page about student exists (10 pts)\r\nAbout page about student exists (10 pts)\r\nProjects page with at least Project 1 (title + description + image) exists (10 pts)\r\nThere are no major design issues (missing images, unreadable text, etc) (10 pts)\r\nNavigation bar and footer are present (10 pts)\r\nThere are icons leading to student’s GitHub and Codecademy profiles (10 pts)\r\nThere is a link leading to the website’s public GitHub repository (10 pts)\r\nMultiple commits on the repository showing progress of development (10 pts)\r\nResponsive design works on narrow screens (10 pts)\r\nCode is clean and modular (code/files/folders nicely organized) (10 pts)\r\nWhen submitting, make sure to consider video upload time and other logistical issues.\r\nDeadline policy is noted in the syllabus. Good luck!'","timestamp":1765633866369}]}