{"version":1,"resource":"file:///c%3A/Users/Simara%20Aliyeva/OneDrive/Desktop/agency-jekyll-theme-gh-pages/_includes/header.html","entries":[{"id":"0xlQ.html","timestamp":1765637045486},{"id":"z7Bs.html","timestamp":1765637138431},{"id":"h8G3.html","source":"Chat Edit: 'I need the home about contact us pages as a page, not as a scroll, but as a page and it should be navigated through the header with redirection.'","timestamp":1765638262004},{"id":"WYQJ.html","source":"undoRedo.source","timestamp":1765638582105},{"id":"WYzT.html","source":"Chat Edit: 'İ dont need services partç change all services to home'","timestamp":1765638817589},{"id":"erJ3.html","timestamp":1765639158268},{"id":"tPNO.html","source":"undoRedo.source","timestamp":1765639209663},{"id":"ZW9k.html","timestamp":1765639385020},{"id":"JBuo.html","timestamp":1765639401122},{"id":"9hDp.html","timestamp":1765639465692},{"id":"tcAh.html","timestamp":1765639503846},{"id":"S9Op.html","source":"searchReplace.source","timestamp":1765639705737},{"id":"yHuW.html","source":"searchReplace.source","timestamp":1765639757584},{"id":"Kgh7.html","timestamp":1765639936956}]}