{"version":1,"resource":"file:///c%3A/Users/Simara%20Aliyeva/OneDrive/Desktop/projeckt%20simare/SETUP_GUIDE.md","entries":[{"id":"kDK4.md","source":"Chat Edit: 'use https://github.com/alys27 and https://www.codecademy.com/profiles/alyss27 for relevant link parts'","timestamp":1765661965964},{"id":"hOVt.md","source":"Chat Edit: 'add alys27.github.io to web repo, saliyeva24095@ada.edu.az to email part'","timestamp":1765662297777},{"id":"Qcvh.md","source":"Chat Edit: 'add alys27.github.io to web repo, saliyeva24095@ada.edu.az to email part'","timestamp":1765662319794},{"id":"5wix.md","source":"Chat Edit: 'use these links for all relevant parts\r\nhttps://github.com/alys27/alys27.github.io\r\nhttps://github.com/alys27\r\nhttps://www.codecademy.com/profiles/alyss27\r\nsaliyeva24095@ada.edu.az\r\n'","timestamp":1765662568478},{"id":"3FgJ.md","source":"Chat Edit: 'use these links for all relevant parts\r\nhttps://github.com/alys27/alys27.github.io\r\nhttps://github.com/alys27\r\nhttps://www.codecademy.com/profiles/alyss27\r\nsaliyeva24095@ada.edu.az\r\n'","timestamp":1765662594224}]}