{"version":1,"resource":"file:///c%3A/Users/Simara%20Aliyeva/OneDrive/Desktop/projeckt%20simare/_config.yml","entries":[{"id":"HHrI.yml","source":"Chat Edit: ' change \"Portfolio\"  into \"Who Is Simara?\" in header of each pages'","timestamp":1765653408268},{"id":"Bsg8.yml","source":"Chat Edit: 'use https://github.com/alys27 and https://www.codecademy.com/profiles/alyss27 for relevant link parts'","timestamp":1765661922785},{"id":"03KR.yml","source":"Chat Edit: 'use https://github.com/alys27 and https://www.codecademy.com/profiles/alyss27 for relevant link parts'","timestamp":1765661957649},{"id":"09sQ.yml","source":"Chat Edit: 'add alys27.github.io to web repo, saliyeva24095@ada.edu.az to email part'","timestamp":1765662293137},{"id":"qyMF.yml","source":"Chat Edit: 'use these links for all relevant parts\r\nhttps://github.com/alys27/alys27.github.io\r\nhttps://github.com/alys27\r\nhttps://www.codecademy.com/profiles/alyss27\r\nsaliyeva24095@ada.edu.az\r\n'","timestamp":1765662552434}]}