{"version":1,"resource":"vscode-userdata:/c%3A/Users/Simara%20Aliyeva/AppData/Roaming/Code/User/settings.json","entries":[{"id":"5rek.json","timestamp":1749496637814},{"id":"1FwG.json","timestamp":1749496735781},{"id":"wncc.json","timestamp":1749496839337},{"id":"rkxR.json","timestamp":1749496881258},{"id":"etc1.json","timestamp":1749496976316},{"id":"Kxai.json","timestamp":1749496989862},{"id":"kyyU.json","timestamp":1749497021625},{"id":"YOec.json","timestamp":1749497155972},{"id":"X3Hm.json","timestamp":1749497189408},{"id":"GqLY.json","timestamp":1749497230392},{"id":"8m97.json","timestamp":1749497246563},{"id":"ovMs.json","timestamp":1749497258299},{"id":"4m5j.json","timestamp":1749497273624},{"id":"D5kw.json","timestamp":1749497288068},{"id":"bbFk.json","timestamp":1749497328668},{"id":"F5bg.json","timestamp":1749497730798},{"id":"8knU.json","timestamp":1749566607539},{"id":"Bz4T.json","timestamp":1749567719838},{"id":"rZbc.json","timestamp":1764112234370},{"id":"XoWL.json","timestamp":1765631286011},{"id":"o0oI.json","timestamp":1765653919797}]}