{"version":1,"resource":"file:///c%3A/Users/Simara%20Aliyeva/OneDrive/Desktop/projeckt%20simare/css/style.css","entries":[{"id":"RUPf.css","source":"Chat Edit: 'replace all blue colors with \"#381313\"'","timestamp":1765654202225},{"id":"vCZZ.css","timestamp":1765655572478},{"id":"TWN4.css","timestamp":1765655634086},{"id":"9xOi.css","source":"Chat Edit: 'Expand and redesign the “About Me” section with a more engaging and colorful tone, while staying consistent with the site’s wine-toned color palette.\r\n\r\nRequirements:\r\n\r\nAdd the following sentence:\r\n\r\n\"I am an undergraduate Computer Science student at ADA University.\"\r\n\r\nMake “ADA University” visually distinct from the rest of the sentence (e.g., different color, font weight, or underline).\r\n\r\nWhen clicked, it should open this link in a new tab:\r\nhttps://www.ada.edu.az/en\r\n\r\nReplace the “Activities” section with “Hobbies” and include this improved text:\r\n\r\n\"I am deeply interested in art, music, and programming. These passions inspire my creativity and shape how I approach both technology and life. You can explore more about my hobbies below.\"\r\n\r\nUnder the Hobbies section, add 4 image boxes/cards for hobbies (image placeholders are acceptable).\r\n\r\nIf any additional decorative or UI elements are added, keep them subtle and elegant, using colors that match the site’s wine / burgundy tone palette.'","timestamp":1765666462192},{"id":"e2XQ.css","source":"Chat Edit: 'Expand the Education section, remove the Skills section, and add a new, fun section called “My Handsomes”. Keep the tone light, slightly humorous, and portfolio-appropriate.\r\n\r\n1️. Education Section (Expanded)\r\nRedesign and expand the Education section with the following structured content:\r\nPrimary School\r\n106 No. Secondary School\r\nHigh School\r\n2 No. Lyceum\r\nPhysics–Mathematics and Informatics–biased Lyceum\r\nBachelor’s Degree\r\nADA University\r\nFaculty: School of Information Technologies and Engineering\r\nMajor: Computer Science\r\nExpected Graduation Year: 2029\r\nStudent ID: 24095\r\nAdd a short, friendly line at the end such as:\r\nFuture plan: hopefully pursuing a Master’s degree in Italy…\r\n\r\n2️. Remove Skills Section\r\nCompletely remove the Skills section from the page.\r\n\r\n3. Add New Section: “My Handsomes” 😌✨\r\nCreate a new section titled “My Handsomes” with 3 separate image boxes/cards, each dedicated to a different (very important) individual.\r\n\r\n1. My Favorite Singer\r\nName: Orkhan Zeynalli\r\nAdd an image using this link:\r\nhttps://open.spotify.com/artist/2H2Dv0GkeGGccHeFU40q7p\r\nAdd this improved and fun text:\r\nHe has been my favorite singer since childhood. One of his songs, “Böyük Ümidlər,” holds a very special place in my heart.\r\n(Add this link to the song title: https://youtu.be/ioCi1SyR-xI?si=y9ConfzmOMoLPfCW)\r\nHe got married this year… my shaylaaaa 😭💔\r\n\r\n 2. My Second Shayla\r\nName: Mimi (yes, he is a cat)\r\nAdd images from local files:\r\nmimi1.jpeg\r\nmimi2.jpeg\r\nmimi3.jpeg\r\nAdd this fun and dramatic text:\r\nMimi is the love of my life. It is my personal responsibility to create a special section for him in my portfolio.\r\nHow can something be this cute? Awwww…\r\n(Honestly, I wouldn’t blame you if you stopped reading the rest of this page because of his cuteness.)\r\n\r\n3. Real Love of My Life\r\nAdd this image:\r\nhttps://pin.it/3QZVvecZL\r\nAdd this minimal but meaningful text:\r\nI love E.\r\n\r\nKeep the design clean and elegant.\r\nAny colorful elements should follow the site’s wine / burgundy color palette.\r\nImage boxes should be visually separated and balanced.\r\n\r\n'","timestamp":1765668750719},{"id":"B6cQ.css","source":"Chat Edit: '1. change the text in About Me part:\r\n\"My story began on the 20th of March, 2007, on a rainy evening. Now I am 18 years old and living in Baku. I am an undergraduate Computer Science student at ADA University.\r\n\r\nI enjoy drawing, even though I have never taken any formal courses, and I also play the guitar—though not as confidently as I draw. I am an introverted person and tend to keep my opinions, ideas, and personal thoughts to myself. At first glance, I may seem more serious than I actually am, but if you ask my friends, the word you will hear most often is “jokeful.”\r\n\r\nIf you would like to learn more about me, just scroll down—I have shared a few things here that I do not usually share so easily. 😊\"\r\n\r\n\r\n2. In My Handsomes part fill the space  by stretching Mimi's section'","timestamp":1765704187319},{"id":"gavr.css","source":"Chat Edit: 'all format of site is detroyed'","timestamp":1765705347509},{"id":"uPMl.css","source":"Chat Edit: 'it is not restored, all colors, divided sections and others are removed'","timestamp":1765705497766},{"id":"0350.css","source":"Chat Edit: 'Update the top header section of my portfolio website, starting from the text “Who Is Simara?” on the left and ending with the navigation links “Home, About, Projects, Contact” on the right, to make it more catchy and visually appealing while keeping it clean and professional. Improve the headline text to sound more engaging and modern, refine typography and spacing, enhance the navigation bar with better alignment and subtle hover effects, and ensure the design fits a computer science student portfolio without changing the existing color palette or overall layout structure.'","timestamp":1765706236194},{"id":"zEVA.css","source":"Chat Edit: 'Bro, in navigation bar from both sides right and left, keep a little spaces.\r\nOn the left side there will be Who Is Simara? \r\nProfile photo and the text that belongs to it also have to be in the middle, keep spaces, margins\r\nThe links for email, codecademy and github do not work, use these links for relevant parts:\r\nsaliyeva24096@ada.edu.az\r\nhttps://github.com/alys27\r\nhttps://www.codecademy.com/profiles/alyss27\r\n\r\n\r\n'","timestamp":1765707599340},{"id":"D0R6.css","source":"Chat Edit: 'No, for email part saliyeva24095@gmail.com and Edit my portfolio website so that the top section matches the layout and visual style shown in the provided reference image: a clean horizontal header with the title “Who Is Simara?” aligned on the left and the navigation links “Home, About, Projects, Contact” aligned on the right, followed by a centered hero section with a circular profile image on the left and text content on the right. Keep the light background, soft shadows, minimal spacing, rounded profile image, simple serif-style heading, and balanced alignment exactly as in the reference. Preserve the overall structure, colors, and calm aesthetic, and adjust only layout, spacing, font sizing, and alignment to closely replicate the look of the image.'","timestamp":1765708159550},{"id":"f5gI.css","source":"Chat Edit: 'change font of whole site and return animations of navbar back'","timestamp":1765708631237}]}