{"version":1,"resource":"file:///c%3A/Users/Simara%20Aliyeva/OneDrive/Desktop/projeckt%20simare/_site/index.html","entries":[{"id":"5dx5.html","timestamp":1765653205032},{"id":"r7NJ.html","timestamp":1765653661996},{"id":"tcDt.html","timestamp":1765653733793},{"id":"KaZA.html","timestamp":1765653838175},{"id":"Qlpk.html","source":"Chat Edit: 'use https://github.com/alys27 and https://www.codecademy.com/profiles/alyss27 for relevant link parts'","timestamp":1765661988099},{"id":"DnIX.html","source":"Chat Edit: 'use these links for all relevant parts\r\nhttps://github.com/alys27/alys27.github.io\r\nhttps://github.com/alys27\r\nhttps://www.codecademy.com/profiles/alyss27\r\nsaliyeva24095@ada.edu.az\r\n'","timestamp":1765662579527}]}