{"version":1,"resource":"file:///c%3A/Users/Simara%20Aliyeva/OneDrive/Desktop/projeckt%20simare/_includes/header.html","entries":[{"id":"drcm.html","timestamp":1765653665273},{"id":"9zVy.html","source":"Chat Edit: 'Update the top header section of my portfolio website, starting from the text “Who Is Simara?” on the left and ending with the navigation links “Home, About, Projects, Contact” on the right, to make it more catchy and visually appealing while keeping it clean and professional. Improve the headline text to sound more engaging and modern, refine typography and spacing, enhance the navigation bar with better alignment and subtle hover effects, and ensure the design fits a computer science student portfolio without changing the existing color palette or overall layout structure.'","timestamp":1765706236173},{"id":"k9VJ.html","source":"Chat Edit: 'Bro, in navigation bar from both sides right and left, keep a little spaces.\r\nOn the left side there will be Who Is Simara? \r\nProfile photo and the text that belongs to it also have to be in the middle, keep spaces, margins\r\nThe links for email, codecademy and github do not work, use these links for relevant parts:\r\nsaliyeva24096@ada.edu.az\r\nhttps://github.com/alys27\r\nhttps://www.codecademy.com/profiles/alyss27\r\n\r\n\r\n'","timestamp":1765707599339},{"id":"vUTs.html","source":"Chat Edit: 'No, for email part saliyeva24095@gmail.com and Edit my portfolio website so that the top section matches the layout and visual style shown in the provided reference image: a clean horizontal header with the title “Who Is Simara?” aligned on the left and the navigation links “Home, About, Projects, Contact” aligned on the right, followed by a centered hero section with a circular profile image on the left and text content on the right. Keep the light background, soft shadows, minimal spacing, rounded profile image, simple serif-style heading, and balanced alignment exactly as in the reference. Preserve the overall structure, colors, and calm aesthetic, and adjust only layout, spacing, font sizing, and alignment to closely replicate the look of the image.'","timestamp":1765708159550}]}