{"version":1,"resource":"file:///c%3A/Users/Simara%20Aliyeva/OneDrive/Desktop/agency-jekyll-theme-gh-pages/_includes/home.html","entries":[{"id":"jsgz.html","timestamp":1765637742975},{"id":"WDnH.html","timestamp":1765638684174},{"id":"3qZt.html","timestamp":1765638704853},{"id":"bj5f.html","timestamp":1765638721293},{"id":"mag0.html","source":"Chat Edit: 'İ dont need services partç change all services to home'","timestamp":1765638817343},{"id":"XmDg.html","source":"undoRedo.source","timestamp":1765639214768}]}