{"version":1,"resource":"file:///c%3A/Users/Simara%20Aliyeva/OneDrive/Desktop/projeckt%20simare/index.html","entries":[{"id":"t337.html","timestamp":1765654814901},{"id":"hA9K.html","timestamp":1765660936378},{"id":"Kaug.html","timestamp":1765661314194},{"id":"iHwS.html","source":"undoRedo.source","timestamp":1765663288620},{"id":"gDEP.html","source":"Chat Edit: 'photo is invisible'","timestamp":1765663622890},{"id":"oBNG.html","source":"Chat Edit: 'this was previous design of the site, return navigation bar and  Home page back as they were in initial style of the site. DO NOT CHANGE COLORS'","timestamp":1765706645388},{"id":"Zety.html","source":"Chat Edit: 'Bro, in navigation bar from both sides right and left, keep a little spaces.\r\nOn the left side there will be Who Is Simara? \r\nProfile photo and the text that belongs to it also have to be in the middle, keep spaces, margins\r\nThe links for email, codecademy and github do not work, use these links for relevant parts:\r\nsaliyeva24096@ada.edu.az\r\nhttps://github.com/alys27\r\nhttps://www.codecademy.com/profiles/alyss27\r\n\r\n\r\n'","timestamp":1765707599340},{"id":"UEfb.html","source":"Chat Edit: 'No, for email par saliyeva24095'","timestamp":1765707792296},{"id":"0K7W.html","timestamp":1765708120031},{"id":"VKAK.html","source":"Chat Edit: 'No, for email part saliyeva24095@gmail.com and Edit my portfolio website so that the top section matches the layout and visual style shown in the provided reference image: a clean horizontal header with the title “Who Is Simara?” aligned on the left and the navigation links “Home, About, Projects, Contact” aligned on the right, followed by a centered hero section with a circular profile image on the left and text content on the right. Keep the light background, soft shadows, minimal spacing, rounded profile image, simple serif-style heading, and balanced alignment exactly as in the reference. Preserve the overall structure, colors, and calm aesthetic, and adjust only layout, spacing, font sizing, and alignment to closely replicate the look of the image.'","timestamp":1765708159544},{"id":"kfXc.html","timestamp":1765708488679}]}